country,company_name,exchange,lei,isin,ticker,cik,aliases
USA,NVIDIA,XNAS,549300S4KLFTLO7GSQ80,US67066G1040,NVDA,1045810,NVIDIA CORP
USA,Apple,XNAS,HWUPKR0MPOU8FGXBT394,US0378331005,AAPL,320193,Apple Inc.
USA,Alphabet (Google),XNAS,5493006MHB84DD0ZWV18,US02079K3059,GOOG,1652044,Alphabet Inc.
USA,Microsoft,XNAS,INR2EJN1ERAN0W5ZP974,US5949181045,MSFT,789019,MICROSOFT CORP
USA,Amazon,XNAS,ZXTILKJKG63JELOEG630,US0231351067,AMZN,1018724,AMAZON COM INC
USA,Meta Platforms (Facebook),XNAS,BQ4BKCS1HXDV9HN80Z93,US30303M1027,META,1326801,"Meta Platforms, Inc."
USA,Broadcom,XNAS,549300WV6GIDOZJTV909,US11135F1012,AVGO,1730168,Broadcom Inc.
USA,Tesla,XNAS,54930043XZGB27CTOV49,US88160R1014,TSLA,1318605,"Tesla, Inc."
USA,Micron Technology,XNAS,B3DXGBC8GAIYWI2Z0172,US5951121038,MU,723125,MICRON TECHNOLOGY INC
USA,Berkshire Hathaway,XNYS,5493000C01ZX7D35SD85,US0846701086,BRK-B,1067983,BERKSHIRE HATHAWAY INC
USA,Eli Lilly,XNYS,FRDRIPF3EKNDJ2CQJL29,US5324571083,LLY,59478,ELI LILLY & Co
USA,AMD,XNYS,R2I72C950HOYXII45366,US0079031078,AMD,2488,ADVANCED MICRO DEVICES INC
USA,JPMorgan Chase,XNYS,8I5DZWZKVSZI1NUHU748,US46625H1005,JPM,19617,JPMORGAN CHASE & CO
USA,Walmart,XNAS,Y87794H0US1R65VBXU25,US9311421039,WMT,104169,Walmart Inc.
USA,Visa,XNYS,549300JZ4OKEHW3DPJ59,US92826C8394,V,1403161,VISA INC.
USA,Exxon Mobil,XNYS,J3WHBG0MTS7O8ZVMDC91,US30231G1022,XOM,34088,ExxonMobil Holdings Corp
USA,Johnson & Johnson,XNYS,549300G0CFPGEF6X2043,US4781601046,JNJ,200406,JOHNSON & JOHNSON
USA,Intel,XNAS,KNX4USFCNGPY45LOCE31,US4581401001,INTC,50863,INTEL CORP
USA,Mastercard,XNYS,AR5L2ODV9HN37376R084,US57636Q1040,MA,1141391,Mastercard Inc
USA,AbbVie,XNYS,FR5LCKFTG8054YNNRU85,US00287Y1091,ABBV,1551152,AbbVie Inc.
USA,Oracle,XNYS,1Z4GXXU7ZHVWFCD8TV52,US68389X1054,ORCL,1341439,ORACLE CORP
USA,Palantir,XNYS,549300UVN46B3BBDHO85,US69608A1088,PLTR,1321655,Palantir Technologies Inc.
USA,Cisco,XNAS,549300LKFJ962MZ46593,US17275R1023,CSCO,858877,"CISCO SYSTEMS, INC."
USA,Chevron,XNYS,VA8TZDWPEZYU430RZ444,US1667641005,CVX,93410,CHEVRON CORP
USA,Costco,XNAS,29DX7H14B9S6O3FD6V18,US22160K1051,COST,909832,COSTCO WHOLESALE CORP /NEW
USA,Bank of America,XNYS,9DJT3UXIJIZJI4WXO774,US0605051046,BAC,70858,BANK OF AMERICA CORP /DE/
USA,Lam Research,XNAS,549300I4GMO6D34U1T02,US5128071082,LRCX,707549,LAM RESEARCH CORP
USA,Coca-Cola,XNYS,UWJKFUJFZ02DKWI3RY53,US1912161007,KO,21344,COCA COLA CO
USA,Merck,XNYS,4YV9Y5M8S0BRK1RP0397,US58933Y1055,MRK,310158,"Merck & Co., Inc."
USA,Caterpillar,XNYS,WRJR7GS4GTRECRRTVX92,US1491231015,CAT,18230,CATERPILLAR INC
USA,Applied Materials,XNAS,41BNNE1AFPNAZELZ6K07,US0382221051,AMAT,6951,APPLIED MATERIALS INC /DE
USA,Dell,XNYS,549300TJB5YBRUPOG437,US24703L2025,DELL,1571996,Dell Technologies Inc.
USA,Procter & Gamble,XNYS,2572IBTT8CCZW6AU4141,US7427181091,PG,80424,PROCTER & GAMBLE Co
USA,UnitedHealth,XNYS,549300GHBMY8T5GXDE41,US91324P1021,UNH,731766,UNITEDHEALTH GROUP INC
USA,General Electric,XNYS,3C7474T6CDKPR9K6YT90,US3696041033,GE,40545,GENERAL ELECTRIC CO
USA,Morgan Stanley,XNYS,IGJSJL3JD5P30I6NJZ34,US6174464486,MS,895421,MORGAN STANLEY
USA,Palo Alto Networks,XNAS,549300QXR2YVZV231H43,US6974351057,PANW,1327567,Palo Alto Networks Inc
USA,Home Depot,XNYS,QEKMOTMBBKA8I816DO57,US4370761029,HD,354950,"HOME DEPOT, INC."
USA,Netflix,XNAS,549300Y7VHGU0I7CE873,US64110L1061,NFLX,1065280,NETFLIX INC
USA,Philip Morris International,XNYS,HL3H1H2BGXWVG3BSWR90,US7181721090,PM,1413329,Philip Morris International Inc.
USA,Goldman Sachs,XNYS,784F5XWPLTWKTBV3E584,US38141G1040,GS,886982,GOLDMAN SACHS GROUP INC
USA,Arista Networks,XNYS,635400H1WKBLOQERUU95,US0404131064,ANET,1596532,"Arista Networks, Inc."
USA,RTX,XNYS,I07WOS4YJ0N7YRFE7309,US75513E1010,RTX,101829,RTX Corp
USA,GE Vernova,XNYS,254900DP080RU6OK2553,US36828A1016,GEV,1996810,GE Vernova Inc.
USA,CrowdStrike,XNAS,549300R070HUWKN8SG56,US22788C1053,CRWD,1535527,"CrowdStrike Holdings, Inc."
USA,Wells Fargo,XNYS,PBLD0EJDB5FWOLXP3B76,US9497461015,WFC,72971,WELLS FARGO & COMPANY/MN
USA,Texas Instruments,XNAS,WDJNR2L6D8RWOEB8T652,US8825081040,TXN,97476,TEXAS INSTRUMENTS INC
USA,Thermo Fisher Scientific,XNYS,HCHV7422L5HDJZCRFL38,US8835561023,TMO,97745,THERMO FISHER SCIENTIFIC INC.
USA,KLA,XNAS,549300H0BF5JCG96TJ81,US4824801009,KLAC,319201,KLA CORP
USA,Marvell Technology,XNAS,254900WVU0BM7ZCJ9E93,US5738741041,MRVL,1835632,"Marvell Technology, Inc."
USA,Citigroup,XNYS,6SHGI4ZSSLCXXQSBB395,US1729674242,C,831001,CITIGROUP INC
USA,Amgen,XNAS,5493007TDQLA2Z7RB387,US0311621009,AMGN,318154,AMGEN INC
USA,IBM,XNYS,VGRQXHF3J8VDLUA7XE92,US4592001014,IBM,51143,INTERNATIONAL BUSINESS MACHINES CORP
USA,QUALCOMM,XNAS,H1J8DDZKZP6H7RWC0H53,US7475251036,QCOM,804328,QUALCOMM INC/DE
USA,American Express,XNYS,R4PP93JZOLY261QX3811,US0258161092,AXP,4962,AMERICAN EXPRESS CO
USA,Amphenol,XNYS,549300D3L3G0R4U4VT04,US0320951017,APH,820313,AMPHENOL CORP /DE/
USA,Verizon,XNYS,2S72QS2UO2OESLG6Y829,US92343V1044,VZ,732712,VERIZON COMMUNICATIONS INC
USA,Salesforce,XNYS,RCGZFPDMRW58VJ54VR07,US79466L3024,CRM,1108524,"Salesforce, Inc."
USA,Gilead Sciences,XNAS,549300WTZWR07K8MNV44,US3755581036,GILD,882095,"GILEAD SCIENCES, INC."
USA,Deere & Company (John Deere),XNYS,PWFTNG3EI0Y73OXWDH08,US2441991054,DE,315189,DEERE & CO
USA,Analog Devices,XNAS,GYVOE5EZ4GDAVTU4CQ61,US0326541051,ADI,6281,ANALOG DEVICES INC
USA,Abbott Laboratories,XNYS,HQD377W2YR662HK5JX27,US0028241000,ABT,1800,ABBOTT LABORATORIES
USA,Walt Disney,XNYS,549300GZKULIZ0WOW665,US2546871060,DIS,1744489,Walt Disney Co
USA,Pepsico,XNYS,FJSUNZKFNQ5YPJ5OT455,US7134481081,PEP,77476,PEPSICO INC
USA,McDonald,XNYS,UE2136O97NLB5BYP9H04,US5801351017,MCD,63908,MCDONALDS CORP
USA,T-Mobile US,XNAS,549300QHIJYOHPACPG31,US8725901040,TMUS,1283699,"T-Mobile US, Inc."
USA,Charles Schwab,XNYS,549300VSGCJ7E698NM85,US8085131055,SCHW,316709,SCHWAB CHARLES CORP
USA,BlackRock,XNYS,529900VBK42Y5HHRMD23,US09247X1019,BLK,1364742,"BlackRock, Inc."
USA,AT&T,XNYS,549300Z40J86GGSTL398,US00206R1023,T,732717,AT&T INC.
USA,Southern Copper,XNYS,2549007U6NAP46Q9TU15,US84265V1052,SCCO,1001838,SOUTHERN COPPER CORP/
USA,Welltower,XNYS,254900F33BIAR82QTA19,US95040Q1040,WELL,766704,WELLTOWER INC.
USA,Nextera Energy,XNYS,254900RHL9MEUS5NKX63,US3025711041,NEE,753308,NEXTERA ENERGY INC
USA,Western Digital,XNAS,549300QQXOOYEF89IC56,US9581021055,WDC,106040,WESTERN DIGITAL CORP
USA,Union Pacific Corporation,XNYS,549300LMMRSZZCZ8CL11,US9078181081,UNP,100885,UNION PACIFIC CORP
USA,Pfizer,XNYS,765LHXWGK1KXCLTFYQ30,US7170811035,PFE,78003,PFIZER INC
USA,Boeing,XNYS,RVHJWBXLJ1RFUBSY1F30,US0970231058,BA,12927,BOEING CO
USA,Danaher,XNYS,S4BKK9OTCEWQ3YHPFM11,US2358511028,DHR,313616,DANAHER CORP /DE/
USA,Interactive Brokers,XNAS,5493004DT6DCDUZNDM53,US45841N1072,IBKR,1381197,"Interactive Brokers Group, Inc."
USA,ConocoPhillips,XNYS,WPTL2Z3FIYTHSP5V2253,US20825C1045,COP,1163165,CONOCOPHILLIPS
USA,Blackstone Group,XNYS,5299004LW4QWGZUB8Y96,US09253U1088,BX,1393818,Blackstone Inc.
USA,Intuitive Surgical,XNAS,54930052SRG011710797,US46120E6023,ISRG,1035267,INTUITIVE SURGICAL INC
USA,Uber,XNYS,549300B2FTG34FILDR98,US90353T1007,UBER,1543151,"Uber Technologies, Inc"
USA,TJX Companies,XNYS,V167QI9I69W364E2DY52,US8725401090,TJX,109198,TJX COMPANIES INC /DE/
USA,ServiceNow,XNYS,549300HJTQM36M0E1G39,US81762P1021,NOW,1373715,"ServiceNow, Inc."
USA,Corning,XNYS,549300X2937PB0CJ7I56,US2193501051,GLW,24741,CORNING INC /NY
USA,Vertex Pharmaceuticals,XNAS,54930015RAQRRZ5ZGJ91,US92532F1003,VRTX,875320,VERTEX PHARMACEUTICALS INC / MA
USA,Prologis,XNYS,529900DFH19P073LZ636,US74340W1036,PLD,1045609,"Prologis, Inc."
USA,Newmont,XNYS,549300VSP3RIX7FGDZ51,US6516391066,NEM,1164727,NEWMONT Corp /DE/
USA,Bristol-Myers Squibb,XNYS,HLYYNH7UQUORYSJQCN42,US1101221083,BMY,14272,BRISTOL MYERS SQUIBB CO
USA,Fortinet,XNAS,549300O0QJWDBAS0QX03,US34959E1091,FTNT,1262039,"Fortinet, Inc."
USA,Cloudflare,XNYS,5493007DY18BGNLDWU14,US18915M1071,NET,1477333,"Cloudflare, Inc."
USA,Capital One,XNYS,ZUE8T73ROZOF6FLBAR73,US14040H1059,COF,927628,CAPITAL ONE FINANCIAL CORP
USA,Booking Holdings (Booking.com),XNAS,FXM8FAOHMYDIPD38UZ17,US09857L1089,BKNG,1075531,Booking Holdings Inc.
USA,Parker-Hannifin,XNYS,5493002CONDB4N2HKI23,US7010941042,PH,76334,Parker-Hannifin Corp
USA,Lockheed Martin,XNYS,DPRBOZP0K5RM2YE8UU08,US5398301094,LMT,936468,LOCKHEED MARTIN CORP
USA,Snowflake,XNYS,254900CJNSY1K7T53Z16,US8334451098,SNOW,1640147,Snowflake Inc.
USA,Progressive,XNYS,529900TACNVLY9DCR586,US7433151039,PGR,80661,PROGRESSIVE CORP/OH/
USA,S&P Global,XNYS,Y6X4K52KMJMZE7I7MY94,US78409V1044,SPGI,64040,S&P Global Inc.
USA,Altria Group,XNYS,XSGZFLO9YTNO9VCQV219,US02209S1033,MO,764180,"ALTRIA GROUP, INC."
USA,Marathon Petroleum,XNYS,3BNYRYQHD39K4LCKQF12,US56585A1025,MPC,1510295,Marathon Petroleum Corp
